<?xml version="1.0" encoding="UTF-8"?>
<alto xmlns:xsi="http://www.w3.org/2001/XMLSchema-instance"
      xmlns="http://www.loc.gov/standards/alto/ns-v4#"
      xsi:schemaLocation="http://www.loc.gov/standards/alto/ns-v4# http://www.loc.gov/standards/alto/v4/alto-4-2.xsd">
  <Description>
    <MeasurementUnit>pixel</MeasurementUnit>
    <sourceImageInformation>
      <fileName>kavkazsky_kazak_143_1938__ocr.pdf_page_2.png</fileName>
      <fileIdentifier>pdf//kavkazsky_kazak_143_1938__ocr.pdf</fileIdentifier>
    </sourceImageInformation>
  </Description>
  <Tags>
    <OtherTag ID="BT7" LABEL="CustomZone" DESCRIPTION="block type CustomZone"/><OtherTag ID="BT8" LABEL="DamageZone" DESCRIPTION="block type DamageZone"/><OtherTag ID="BT9" LABEL="DigitizationArtefactZone" DESCRIPTION="block type DigitizationArtefactZone"/><OtherTag ID="BT10" LABEL="DropCapitalZone" DESCRIPTION="block type DropCapitalZone"/><OtherTag ID="BT11" LABEL="GraphicZone" DESCRIPTION="block type GraphicZone"/><OtherTag ID="BT12" LABEL="MainZone" DESCRIPTION="block type MainZone"/><OtherTag ID="BT13" LABEL="MarginTextZone" DESCRIPTION="block type MarginTextZone"/><OtherTag ID="BT14" LABEL="MusicZone" DESCRIPTION="block type MusicZone"/><OtherTag ID="BT15" LABEL="NumberingZone" DESCRIPTION="block type NumberingZone"/><OtherTag ID="BT17" LABEL="QuireMarksZone" DESCRIPTION="block type QuireMarksZone"/><OtherTag ID="BT18" LABEL="RunningTitleZone" DESCRIPTION="block type RunningTitleZone"/><OtherTag ID="BT19" LABEL="SealZone" DESCRIPTION="block type SealZone"/><OtherTag ID="BT20" LABEL="StampZone" DESCRIPTION="block type StampZone"/><OtherTag ID="BT21" LABEL="TableZone" DESCRIPTION="block type TableZone"/><OtherTag ID="BT22" LABEL="TitlePageZone" DESCRIPTION="block type TitlePageZone"/><OtherTag ID="BT3340" LABEL="text" DESCRIPTION="block type text"/>
    <OtherTag ID="LT7" LABEL="CustomLine" DESCRIPTION="line type CustomLine"/><OtherTag ID="LT8" LABEL="DefaultLine" DESCRIPTION="line type DefaultLine"/><OtherTag ID="LT9" LABEL="DropCapitalLine" DESCRIPTION="line type DropCapitalLine"/><OtherTag ID="LT10" LABEL="HeadingLine" DESCRIPTION="line type HeadingLine"/><OtherTag ID="LT11" LABEL="InterlinearLine" DESCRIPTION="line type InterlinearLine"/><OtherTag ID="LT12" LABEL="MusicLine" DESCRIPTION="line type MusicLine"/><OtherTag ID="LT1201" LABEL="default" DESCRIPTION="line type default"/>
  </Tags>
  <Layout>
    <Page WIDTH="1705"
          HEIGHT="2628"
          PHYSICAL_IMG_NR="1"
          ID="eSc_dummypage_">
      <PrintSpace HPOS="0"
                  VPOS="0"
                  WIDTH="1705"
                  HEIGHT="2628">
        <TextBlock HPOS="356"
                   VPOS="373"
                   WIDTH="998"
                   HEIGHT="308"
                   ID="eSc_textblock_951833b4"
                   TAGREFS="BT3340">
          <Shape><Polygon POINTS="1237 391 1262 461 1354 484 1354 559 1081 617 1038 681 689 681 565 594 356 576 362 490 444 385 480 373"/></Shape>
          <TextLine ID="eSc_line_5f0c4f2b"
                    TAGREFS="LT1201"
                    BASELINE="461 443 1238 443" 
                    HPOS="461"
                    VPOS="382"
                    WIDTH="777"
                    HEIGHT="88">
            <Shape><Polygon POINTS="1236 394 1072 386 1060 386 1046 385 1044 385 1043 385 1025 391 1019 385 1016 385 1002 385 999 385 978 391 967 383 958 383 946 383 851 394 761 382 759 382 758 382 733 394 721 385 720 385 718 385 717 385 599 391 571 382 569 382 568 382 566 382 537 391 461 382 461 443 461 459 596 468 597 468 599 468 626 456 764 456 775 467 775 468 777 468 778 468 780 468 781 468 783 468 800 456 885 456 899 468 901 468 902 468 904 468 905 468 924 458 942 468 943 468 945 470 1076 470 1076 468 1078 468 1079 468 1091 458 1154 456 1168 468 1170 468 1171 468 1173 468 1238 467 1238 443 1238 401 1236 394"/></Shape>
            <String CONTENT="Продолжается подписка на"
                    HPOS="461"
                    VPOS="382"
                    WIDTH="777"
                    HEIGHT="88"
                    ></String>
          </TextLine>
          <TextLine ID="eSc_line_e576cbde"
                    TAGREFS="LT1201"
                    BASELINE="387 554 673 548 1322 551" 
                    HPOS="387"
                    VPOS="483"
                    WIDTH="935"
                    HEIGHT="90">
            <Shape><Polygon POINTS="387 554 387 573 445 573 445 572 447 572 448 572 448 570 460 562 517 562 530 572 531 572 533 572 534 572 536 572 569 562 591 572 593 572 594 572 596 572 628 562 674 562 698 572 699 572 701 572 771 562 807 562 825 572 826 572 828 572 829 572 831 572 854 562 907 572 908 572 974 563 1002 572 1003 572 1005 572 1062 563 1085 570 1086 570 1088 570 1129 563 1255 572 1256 572 1320 560 1322 551 1320 502 1275 500 1249 487 1247 487 1246 487 1244 487 1243 487 1227 500 1130 500 1105 490 1104 490 1103 490 1075 494 1038 483 1037 483 973 483 971 483 970 483 968 483 968 484 949 502 937 502 917 483 916 483 914 483 845 483 844 483 843 483 813 497 762 484 761 484 759 484 758 484 756 484 734 500 712 493 711 493 710 493 680 497 666 487 664 487 663 487 661 487 660 487 622 500 594 487 593 487 591 487 590 487 588 487 575 496 556 489 555 489 553 489 501 500 458 483 457 483 455 483 387 483 387 554"/></Shape>
            <String CONTENT="&quot;Кавказскій Казакъ&quot;"
                    HPOS="387"
                    VPOS="483"
                    WIDTH="935"
                    HEIGHT="90"
                    ></String>
          </TextLine>
          <TextLine ID="eSc_line_cb8c5a73"
                    TAGREFS="LT1201"
                    BASELINE="670 652 1043 655" 
                    HPOS="669"
                    VPOS="592"
                    WIDTH="374"
                    HEIGHT="91">
            <Shape><Polygon POINTS="669 670 860 683 861 683 863 683 864 683 875 674 904 683 905 683 907 683 1041 673 1043 655 1041 604 897 604 857 592 856 592 854 592 670 600 670 652"/></Shape>
            <String CONTENT="на 1938 годъ."
                    HPOS="669"
                    VPOS="592"
                    WIDTH="374"
                    HEIGHT="91"
                    ></String>
          </TextLine>
        </TextBlock>
        <TextBlock HPOS="93"
                   VPOS="741"
                   WIDTH="1536"
                   HEIGHT="1494"
                   ID="eSc_textblock_582aaf47"
                   TAGREFS="BT3340">
          <Shape><Polygon POINTS="1593 747 1629 765 1605 1207 1081 1242 1027 1278 1067 1302 1051 1360 1611 1384 1617 2153 1599 2188 1104 2194 1073 2229 99 2235 99 1419 286 1366 629 1354 642 1343 607 1296 654 1278 479 1271 466 1254 105 1254 93 805 214 788 257 747 702 741"/></Shape>
          <TextLine ID="eSc_line_d8852b60"
                    TAGREFS="LT1201"
                    BASELINE="257 788 677 781 1612 784" 
                    HPOS="255"
                    VPOS="744"
                    WIDTH="1357"
                    HEIGHT="59">
            <Shape><Polygon POINTS="1599 751 1592 748 1349 753 1272 746 1271 746 1269 746 1268 746 1256 753 1132 744 1130 744 1031 753 1018 744 1016 744 1015 744 961 744 959 744 898 753 607 744 606 744 549 753 496 744 495 744 493 744 461 753 356 746 355 746 306 753 276 746 270 746 261 746 255 750 257 788 257 803 321 794 356 801 357 801 561 794 600 801 601 801 707 794 1610 801 1612 784 1610 756 1599 751"/></Shape>
            <String CONTENT="Въ настоящее тревожное и полное всякихъ неожиданностей"
                    HPOS="255"
                    VPOS="744"
                    WIDTH="1357"
                    HEIGHT="59"
                    ></String>
          </TextLine>
          <TextLine ID="eSc_line_ad7ec860"
                    BASELINE="96 832 1604 826" 
                    HPOS="92"
                    VPOS="794"
                    WIDTH="1509"
                    HEIGHT="60">
            <Shape><Polygon POINTS="113 801 92 799 94 830 94 854 1599 840 1601 825 1595 794 124 797 113 801"/></Shape>
            <String CONTENT="время казакамъ, особенно проживающимъ внѣ столичныхъ и боль-"
                    HPOS="92"
                    VPOS="794"
                    WIDTH="1509"
                    HEIGHT="60"
                    ></String>
          </TextLine>
          <TextLine ID="eSc_line_4701df16"
                    TAGREFS="LT1201"
                    BASELINE="96 876 1605 873" 
                    HPOS="94"
                    VPOS="836"
                    WIDTH="1511"
                    HEIGHT="57">
            <Shape><Polygon POINTS="96 876 96 886 357 893 359 893 458 886 527 893 528 893 530 893 556 886 615 893 616 893 717 886 816 893 818 893 819 893 853 884 1107 884 1126 892 1127 892 1129 892 1287 884 1310 892 1311 892 1313 893 1567 893 1567 892 1604 883 1605 873 1602 846 1539 838 1538 838 1392 845 1339 836 1338 836 1336 836 1335 836 1319 846 1252 846 1233 836 1231 836 1230 836 1092 843 1069 836 1067 836 936 836 935 836 933 836 907 845 880 836 879 836 878 836 876 836 847 846 780 838 778 838 423 846 325 838 324 838 233 846 112 840 111 840 109 840 94 846 96 876"/></Shape>
            <String CONTENT="шихъ городовъ и разбросаннымъ по всѣмъ странамъ свѣта, необхо-"
                    HPOS="94"
                    VPOS="836"
                    WIDTH="1511"
                    HEIGHT="57"
                    ></String>
          </TextLine>
          <TextLine ID="eSc_line_7bf61d31"
                    TAGREFS="LT1201"
                    BASELINE="96 922 688 915 1605 918" 
                    HPOS="96"
                    VPOS="880"
                    WIDTH="1509"
                    HEIGHT="58">
            <Shape><Polygon POINTS="96 922 96 938 223 930 382 937 384 937 385 937 417 930 615 930 631 937 632 937 634 937 635 937 658 930 686 937 688 937 689 937 777 930 1002 930 1031 937 1032 937 1034 937 1035 937 1066 930 1120 937 1122 937 1604 931 1605 918 1604 889 1450 880 1449 880 1447 880 1417 889 1241 889 1214 880 1212 880 1211 880 1152 889 381 881 379 881 103 889 96 909"/></Shape>
            <String CONTENT="дима своя казачья печать, правильно освѣщающая происходящія міро-"
                    HPOS="96"
                    VPOS="880"
                    WIDTH="1509"
                    HEIGHT="58"
                    ></String>
          </TextLine>
          <TextLine ID="eSc_line_1b9a70c5"
                    TAGREFS="LT1201"
                    BASELINE="96 962 1471 962" 
                    HPOS="96"
                    VPOS="930"
                    WIDTH="1375"
                    HEIGHT="46">
            <Shape><Polygon POINTS="96 962 96 973 1469 976 1471 962 1471 934 96 930 96 962"/></Shape>
            <String CONTENT="выя событія и опредѣляющая наше казачье къ нимъ отношеніе"
                    HPOS="96"
                    VPOS="930"
                    WIDTH="1375"
                    HEIGHT="46"
                    ></String>
          </TextLine>
          <TextLine ID="eSc_line_7f0cf8ac"
                    TAGREFS="LT1201"
                    BASELINE="252 1008 1605 1008" 
                    HPOS="252"
                    VPOS="970"
                    WIDTH="1353"
                    HEIGHT="52">
            <Shape><Polygon POINTS="252 1008 252 1020 1602 1022 1605 1008 1604 979 1250 970 1249 970 1190 978 1160 970 1158 970 1157 970 1155 970 1139 979 772 979 723 970 721 970 658 978 553 970 552 970 449 978 430 970 429 970 428 970 360 978 271 970 270 970 268 970 252 978 252 1008"/></Shape>
            <String CONTENT="Оставаться сейчасъ внѣ происходящихь вь міре важныхь со-"
                    HPOS="252"
                    VPOS="970"
                    WIDTH="1353"
                    HEIGHT="52"
                    ></String>
          </TextLine>
          <TextLine ID="eSc_line_207b1638"
                    TAGREFS="LT1201"
                    BASELINE="96 1052 1605 1052" 
                    HPOS="96"
                    VPOS="1016"
                    WIDTH="1509"
                    HEIGHT="55">
            <Shape><Polygon POINTS="96 1027 96 1052 96 1061 118 1070 119 1070 121 1070 222 1062 328 1070 330 1071 470 1071 470 1070 471 1070 473 1070 486 1062 672 1062 691 1070 692 1070 693 1070 762 1062 810 1070 812 1070 914 1062 954 1070 955 1070 1078 1062 1098 1070 1100 1070 1101 1070 1103 1070 1135 1062 1187 1070 1189 1070 1605 1064 1605 1052 1605 1026 1551 1016 1550 1016 1482 1024 1387 1017 1386 1017 1317 1024 1287 1016 1285 1016 1284 1016 1243 1026 1142 1026 1123 1016 1122 1016 1120 1016 945 1024 819 1016 818 1016 609 1024 414 1016 413 1016 315 1024 97 1019 96 1027"/></Shape>
            <String CONTENT="бытiй и совсѣм не интересоваться казачьей жизнью, недостойно"
                    HPOS="96"
                    VPOS="1016"
                    WIDTH="1509"
                    HEIGHT="55"
                    ></String>
          </TextLine>
          <TextLine ID="eSc_line_1b149050"
                    TAGREFS="LT1201"
                    BASELINE="94 1097 1604 1095" 
                    HPOS="93"
                    VPOS="1058"
                    WIDTH="1511"
                    HEIGHT="53">
            <Shape><Polygon POINTS="94 1097 94 1111 1602 1109 1604 1095 1601 1067 850 1058 848 1058 758 1067 628 1059 626 1059 555 1067 517 1059 515 1059 384 1067 334 1059 333 1059 271 1067 118 1061 116 1061 115 1061 93 1068 94 1097"/></Shape>
            <String CONTENT="сознательнаго казака-эмигранта. Наоборот, надо всѣмъ стараться при-"
                    HPOS="93"
                    VPOS="1058"
                    WIDTH="1511"
                    HEIGHT="53"
                    ></String>
          </TextLine>
          <TextLine ID="eSc_line_3be15a42"
                    TAGREFS="LT1201"
                    BASELINE="97 1143 1605 1140" 
                    HPOS="96"
                    VPOS="1103"
                    WIDTH="1509"
                    HEIGHT="56">
            <Shape><Polygon POINTS="97 1143 97 1154 1602 1159 1605 1140 1602 1112 1046 1103 1044 1103 885 1111 853 1103 851 1103 850 1103 734 1112 425 1105 423 1105 317 1112 264 1105 262 1105 261 1105 245 1113 96 1113 97 1143"/></Shape>
            <String CONTENT="нимать посильное участіе в общей жизни Зарубежнаго Казачества и"
                    HPOS="96"
                    VPOS="1103"
                    WIDTH="1509"
                    HEIGHT="56"
                    ></String>
          </TextLine>
          <TextLine ID="eSc_line_d01064e1"
                    TAGREFS="LT1201"
                    BASELINE="97 1185 1605 1185" 
                    HPOS="97"
                    VPOS="1150"
                    WIDTH="1508"
                    HEIGHT="60">
            <Shape><Polygon POINTS="97 1185 97 1210 197 1210 197 1208 198 1208 220 1200 314 1207 315 1207 374 1200 603 1200 629 1207 631 1207 632 1207 634 1207 653 1200 829 1200 876 1208 878 1208 943 1200 1047 1208 1049 1208 1145 1201 1281 1208 1282 1208 1605 1203 1605 1185 1605 1159 597 1150 596 1150 594 1150 569 1157 558 1150 556 1150 555 1150 553 1150 552 1150 536 1159 412 1159 393 1150 391 1150 200 1150 198 1150 97 1157 97 1185"/></Shape>
            <String CONTENT="помогать Войсковымь Атаманамь довести нась всѣхъ объединенно и"
                    HPOS="97"
                    VPOS="1150"
                    WIDTH="1508"
                    HEIGHT="60"
                    ></String>
          </TextLine>
          <TextLine ID="eSc_line_604d2224"
                    TAGREFS="LT1201"
                    BASELINE="96 1232 1043 1227" 
                    HPOS="94"
                    VPOS="1194"
                    WIDTH="949"
                    HEIGHT="61">
            <Shape><Polygon POINTS="96 1232 97 1255 118 1246 137 1254 138 1254 140 1254 141 1254 169 1246 197 1254 198 1254 200 1254 201 1254 203 1254 214 1246 397 1252 398 1252 400 1252 401 1252 413 1245 423 1252 425 1252 426 1252 428 1252 429 1252 444 1245 473 1252 474 1252 476 1252 477 1252 496 1245 527 1252 528 1252 530 1252 531 1252 552 1245 726 1252 727 1252 729 1252 758 1243 800 1251 802 1252 888 1252 888 1251 889 1251 891 1251 901 1243 1006 1251 1008 1251 1009 1251 1043 1242 1043 1227 1040 1201 727 1194 726 1194 682 1201 419 1195 417 1195 94 1203 96 1232"/></Shape>
            <String CONTENT="возможно скорѣе въ наши родныя станицы."
                    HPOS="94"
                    VPOS="1194"
                    WIDTH="949"
                    HEIGHT="61"
                    ></String>
          </TextLine>
          <TextLine ID="eSc_line_d149656e"
                    TAGREFS="LT1201"
                    BASELINE="650 1330 1054 1327" 
                    HPOS="648"
                    VPOS="1284"
                    WIDTH="406"
                    HEIGHT="66">
            <Shape><Polygon POINTS="1043 1289 1037 1293 974 1284 973 1284 926 1293 837 1287 835 1287 834 1287 832 1287 822 1295 648 1289 650 1330 650 1341 715 1350 717 1350 781 1341 857 1349 859 1349 860 1349 861 1349 876 1340 932 1349 933 1349 1053 1344 1054 1327 1047 1292 1043 1289"/></Shape>
            <String CONTENT="Подписная цѣна:"
                    HPOS="648"
                    VPOS="1284"
                    WIDTH="406"
                    HEIGHT="66"
                    ></String>
          </TextLine>
          <TextLine ID="eSc_line_4ea1d8bd"
                    TAGREFS="LT1201"
                    BASELINE="258 1414 629 1407 1604 1410" 
                    HPOS="258"
                    VPOS="1369"
                    WIDTH="1346"
                    HEIGHT="58">
            <Shape><Polygon POINTS="1586 1382 1572 1381 1557 1381 1542 1381 1528 1379 1513 1379 1498 1378 1484 1378 1469 1378 1455 1376 1440 1376 1430 1375 1387 1378 1371 1373 1367 1373 1352 1372 1338 1372 1310 1378 1241 1370 1240 1370 1192 1378 1177 1369 1176 1369 1174 1369 1173 1369 1095 1378 1037 1369 1035 1369 911 1378 864 1369 863 1369 794 1378 739 1369 737 1369 635 1378 552 1369 550 1369 487 1378 422 1369 420 1369 419 1369 395 1378 353 1369 352 1369 258 1375 258 1414 258 1426 336 1419 355 1426 356 1426 357 1427 492 1427 492 1426 493 1426 508 1419 527 1426 528 1426 530 1426 736 1419 812 1419 824 1426 825 1426 826 1426 828 1426 829 1426 861 1419 962 1426 964 1426 1002 1419 1034 1426 1035 1426 1037 1427 1253 1427 1253 1426 1255 1426 1269 1419 1554 1426 1555 1426 1602 1417 1604 1410 1602 1382 1601 1382"/></Shape>
            <String CONTENT="На 1 годь: Югославія - 50 дин., Чехословакія - 40 ч. к., Бол-"
                    HPOS="258"
                    VPOS="1369"
                    WIDTH="1346"
                    HEIGHT="58"
                    ></String>
          </TextLine>
          <TextLine ID="eSc_line_86fc7444"
                    TAGREFS="LT1201"
                    BASELINE="99 1457 1500 1454" 
                    HPOS="99"
                    VPOS="1416"
                    WIDTH="1401"
                    HEIGHT="61">
            <Shape><Polygon POINTS="99 1457 99 1467 124 1476 125 1476 127 1477 197 1477 197 1476 198 1476 200 1476 216 1467 444 1467 455 1474 457 1474 458 1474 460 1474 509 1467 539 1476 540 1476 542 1476 596 1468 631 1476 632 1476 634 1476 635 1476 651 1467 746 1467 765 1476 767 1476 768 1476 810 1467 876 1474 878 1474 987 1467 1227 1474 1228 1474 1230 1474 1260 1465 1497 1473 1500 1454 1497 1426 1329 1416 1328 1416 1326 1416 1325 1416 1310 1426 1250 1426 1221 1416 1219 1416 1218 1416 1217 1416 1198 1426 1000 1426 949 1416 948 1416 847 1424 692 1417 691 1417 689 1417 688 1417 674 1426 644 1417 642 1417 508 1417 506 1417 505 1417 468 1426 422 1417 420 1417 379 1426 305 1417 303 1417 302 1417 283 1427 216 1427 166 1417 165 1417 108 1426 99 1457"/></Shape>
            <String CONTENT="гария - 150 лева, Франція 45 фр., другiя государства - 1,5 дол."
                    HPOS="99"
                    VPOS="1416"
                    WIDTH="1401"
                    HEIGHT="61"
                    ></String>
          </TextLine>
          <TextLine ID="eSc_line_e7f0aa3c"
                    TAGREFS="LT1201"
                    BASELINE="257 1500 1607 1497" 
                    HPOS="255"
                    VPOS="1464"
                    WIDTH="1352"
                    HEIGHT="54">
            <Shape><Polygon POINTS="257 1500 257 1511 412 1518 413 1518 414 1518 439 1511 596 1511 661 1518 663 1518 705 1511 805 1518 806 1518 807 1518 824 1511 954 1516 955 1516 956 1516 958 1516 968 1509 1025 1516 1027 1516 1241 1509 1284 1516 1285 1516 1287 1516 1288 1516 1298 1509 1320 1516 1322 1516 1323 1518 1572 1518 1572 1516 1573 1516 1607 1508 1607 1497 1604 1468 255 1464 257 1500"/></Shape>
            <String CONTENT="Вь Югославiя подписную плату переводить по приложенной"
                    HPOS="255"
                    VPOS="1464"
                    WIDTH="1352"
                    HEIGHT="54"
                    ></String>
          </TextLine>
          <TextLine ID="eSc_line_803e422d"
                    TAGREFS="LT1201"
                    BASELINE="99 1544 1604 1544" 
                    HPOS="99"
                    VPOS="1506"
                    WIDTH="1505"
                    HEIGHT="51">
            <Shape><Polygon POINTS="99 1544 99 1556 1602 1557 1604 1544 1604 1514 1081 1506 1079 1506 961 1514 911 1506 910 1506 797 1514 781 1506 780 1506 607 1506 606 1506 524 1514 496 1506 495 1506 493 1506 492 1506 468 1514 435 1506 433 1506 398 1515 103 1515 99 1544"/></Shape>
            <String CONTENT="чековной уплатницѣ за N° 54745 сь обозначенiемъ своего точнаго ад-"
                    HPOS="99"
                    VPOS="1506"
                    WIDTH="1505"
                    HEIGHT="51"
                    ></String>
          </TextLine>
          <TextLine ID="eSc_line_c267e6b2"
                    TAGREFS="LT1201"
                    BASELINE="97 1591 824 1587" 
                    HPOS="96"
                    VPOS="1550"
                    WIDTH="728"
                    HEIGHT="60">
            <Shape><Polygon POINTS="99 1610 124 1601 146 1608 147 1608 149 1608 197 1601 223 1608 224 1608 226 1608 227 1608 260 1601 401 1607 403 1607 404 1607 423 1600 578 1607 580 1607 619 1598 638 1606 639 1606 641 1607 822 1607 824 1587 821 1559 714 1550 712 1550 647 1557 607 1550 606 1550 604 1550 577 1559 553 1551 552 1551 550 1551 442 1559 435 1553 435 1551 433 1551 432 1551 378 1551 376 1551 375 1551 374 1551 363 1559 340 1551 338 1551 337 1551 336 1551 314 1560 295 1553 293 1553 292 1553 290 1553 273 1560 96 1554 97 1591"/></Shape>
            <String CONTENT="реса на средней части уплатницы."
                    HPOS="96"
                    VPOS="1550"
                    WIDTH="728"
                    HEIGHT="60"
                    ></String>
          </TextLine>
          <TextLine ID="eSc_line_284ad846"
                    TAGREFS="LT1201"
                    BASELINE="255 1633 1605 1630" 
                    HPOS="254"
                    VPOS="1592"
                    WIDTH="1351"
                    HEIGHT="60">
            <Shape><Polygon POINTS="255 1633 255 1652 306 1645 1602 1645 1605 1630 1602 1601 1517 1592 1516 1592 1515 1592 1482 1600 1425 1592 1424 1592 1389 1600 1360 1592 1358 1592 1357 1592 1307 1600 1231 1592 1230 1592 1228 1592 1209 1600 1195 1592 1193 1592 1192 1592 1063 1600 955 1592 954 1592 952 1592 926 1601 809 1594 807 1594 806 1594 790 1601 254 1598 255 1633"/></Shape>
            <String CONTENT="Во Францiи плату за журналь посылать Представителю &quot;Кав-"
                    HPOS="254"
                    VPOS="1592"
                    WIDTH="1351"
                    HEIGHT="60"
                    ></String>
          </TextLine>
          <TextLine ID="eSc_line_1d0e15cd"
                    TAGREFS="LT1201"
                    BASELINE="97 1676 1605 1680" 
                    HPOS="96"
                    VPOS="1636"
                    WIDTH="1509"
                    HEIGHT="60">
            <Shape><Polygon POINTS="97 1676 96 1692 1602 1696 1605 1680 1605 1648 1580 1639 1579 1639 1577 1639 1481 1646 1439 1639 1437 1639 1402 1646 1371 1639 1370 1639 1368 1639 1314 1646 1284 1639 1282 1639 1281 1639 1165 1646 954 1646 935 1638 933 1638 932 1638 882 1645 866 1638 864 1638 863 1638 861 1638 844 1646 729 1646 711 1638 710 1638 708 1638 707 1638 677 1645 501 1636 499 1636 426 1643 333 1636 331 1636 283 1643 97 1641 97 1676"/></Shape>
            <String CONTENT="казскаго Казака&quot; Полк. В. Федорову по адресу: 35, rue de Banquier,"
                    HPOS="96"
                    VPOS="1636"
                    WIDTH="1509"
                    HEIGHT="60"
                    ></String>
          </TextLine>
          <TextLine ID="eSc_line_600dba7e"
                    TAGREFS="LT1201"
                    BASELINE="96 1721 279 1721" 
                    HPOS="96"
                    VPOS="1683"
                    WIDTH="183"
                    HEIGHT="60">
            <Shape><Polygon POINTS="96 1721 96 1743 279 1734 279 1721 279 1693 254 1683 252 1683 251 1683 198 1693 176 1683 175 1683 173 1683 172 1683 143 1690 118 1683 116 1683 115 1683 113 1683 112 1683 106 1686 96 1721"/></Shape>
            <String CONTENT="Paris 13."
                    HPOS="96"
                    VPOS="1683"
                    WIDTH="183"
                    HEIGHT="60"
                    ></String>
          </TextLine>
          <TextLine ID="eSc_line_aab02cc7"
                    TAGREFS="LT1201"
                    BASELINE="257 1766 1605 1766" 
                    HPOS="257"
                    VPOS="1731"
                    WIDTH="1348"
                    HEIGHT="48">
            <Shape><Polygon POINTS="257 1766 257 1779 1605 1779 1605 1766 1605 1733 257 1731 257 1766"/></Shape>
            <String CONTENT="Въ Болгаріи плату за журналъ вносить Представителю Кубан-"
                    HPOS="257"
                    VPOS="1731"
                    WIDTH="1348"
                    HEIGHT="48"
                    ></String>
          </TextLine>
          <TextLine ID="eSc_line_1eb8e3a7"
                    TAGREFS="LT1201"
                    BASELINE="97 1811 1605 1811" 
                    HPOS="97"
                    VPOS="1772"
                    WIDTH="1508"
                    HEIGHT="53">
            <Shape><Polygon POINTS="97 1811 97 1822 1604 1825 1605 1811 1605 1782 1534 1772 1532 1772 1531 1772 1504 1781 1481 1772 1480 1772 1478 1772 1439 1781 1402 1772 1401 1772 1399 1772 1358 1781 1316 1772 1314 1772 1269 1781 1202 1773 1200 1773 1110 1781 1054 1772 1053 1772 961 1781 898 1772 897 1772 895 1772 894 1772 882 1779 818 1773 816 1773 759 1781 689 1772 688 1772 686 1772 666 1781 626 1772 625 1772 623 1772 622 1772 606 1782 528 1782 486 1772 485 1772 483 1772 482 1772 466 1782 363 1782 318 1772 150 1772 149 1772 97 1781 97 1811"/></Shape>
            <String CONTENT="скаго В. Атамана Полк. Б. Милашевичу : ул. Регентска N° 64. София."
                    HPOS="97"
                    VPOS="1772"
                    WIDTH="1508"
                    HEIGHT="53"
                    ></String>
          </TextLine>
          <TextLine ID="eSc_line_2004ebf3"
                    TAGREFS="LT1201"
                    BASELINE="255 1855 1605 1852" 
                    HPOS="254"
                    VPOS="1816"
                    WIDTH="1351"
                    HEIGHT="60">
            <Shape><Polygon POINTS="255 1855 255 1868 435 1868 466 1876 467 1876 468 1876 546 1868 581 1876 582 1876 661 1868 746 1876 748 1876 749 1876 765 1868 800 1876 802 1876 948 1867 984 1874 986 1874 1100 1867 1247 1874 1249 1874 1250 1874 1269 1867 1291 1874 1292 1874 1294 1876 1604 1876 1605 1852 1602 1825 1387 1825 1368 1816 1367 1816 1366 1816 927 1825 864 1817 863 1817 771 1825 254 1819 255 1855"/></Shape>
            <String CONTENT="Въ Чехословакia представителю журнала Инж. П. Бондаренко :"
                    HPOS="254"
                    VPOS="1816"
                    WIDTH="1351"
                    HEIGHT="60"
                    ></String>
          </TextLine>
          <TextLine ID="eSc_line_1485328f"
                    TAGREFS="LT1201"
                    BASELINE="100 1899 699 1899" 
                    HPOS="100"
                    VPOS="1860"
                    WIDTH="599"
                    HEIGHT="52">
            <Shape><Polygon POINTS="100 1899 100 1912 699 1912 699 1899 699 1867 672 1860 670 1860 669 1860 610 1867 357 1860 356 1860 355 1860 325 1867 284 1860 283 1860 281 1860 267 1867 252 1860 251 1860 249 1860 248 1860 246 1860 235 1868 150 1868 100 1860 100 1899"/></Shape>
            <String CONTENT="Vestend N° 230 Bratislava IX."
                    HPOS="100"
                    VPOS="1860"
                    WIDTH="599"
                    HEIGHT="52"
                    ></String>
          </TextLine>
          <TextLine ID="eSc_line_d51695c8"
                    TAGREFS="LT1201"
                    BASELINE="257 1944 1607 1944" 
                    HPOS="257"
                    VPOS="1905"
                    WIDTH="1350"
                    HEIGHT="52">
            <Shape><Polygon POINTS="257 1944 257 1957 1607 1957 1607 1944 1607 1915 1433 1906 1431 1906 1374 1914 1338 1905 1336 1905 1335 1905 1262 1914 1192 1906 1190 1906 1189 1906 1161 1914 1142 1905 1141 1905 1139 1905 1076 1914 932 1906 930 1906 929 1906 913 1915 832 1915 813 1905 812 1905 810 1905 749 1915 609 1915 563 1905 562 1905 504 1915 444 1915 430 1905 429 1905 428 1905 270 1905 268 1905 267 1905 265 1905 257 1911 257 1944"/></Shape>
            <String CONTENT="На Д. Востокѣ представителю журнала Есаулу Хрещатицкому:"
                    HPOS="257"
                    VPOS="1905"
                    WIDTH="1350"
                    HEIGHT="52"
                    ></String>
          </TextLine>
          <TextLine ID="eSc_line_32a62ee4"
                    TAGREFS="LT1201"
                    BASELINE="97 1991 1605 1991" 
                    HPOS="97"
                    VPOS="1950"
                    WIDTH="1508"
                    HEIGHT="60">
            <Shape><Polygon POINTS="97 1991 97 2010 1605 2010 1605 1991 1605 1957 1488 1950 1487 1950 1485 1950 1463 1957 1452 1950 1450 1950 1449 1950 1447 1950 1326 1957 1291 1950 1290 1950 1288 1950 1266 1957 1228 1950 1227 1950 1142 1957 1069 1950 1067 1950 956 1957 810 1950 809 1950 739 1957 639 1950 638 1950 637 1950 635 1950 622 1959 531 1959 489 1950 487 1950 486 1950 458 1957 438 1950 436 1950 308 1950 306 1950 242 1957 197 1950 195 1950 154 1957 116 1950 115 1950 113 1950 97 1957 97 1991"/></Shape>
            <String CONTENT="M-r Hreschatitsky. Route de Grouchy Passage 125 ap. 12 Shanghai, China."
                    HPOS="97"
                    VPOS="1950"
                    WIDTH="1508"
                    HEIGHT="60"
                    ></String>
          </TextLine>
          <TextLine ID="eSc_line_024ac02c"
                    TAGREFS="LT1201"
                    BASELINE="257 2032 1604 2036" 
                    HPOS="257"
                    VPOS="2000"
                    WIDTH="1347"
                    HEIGHT="48">
            <Shape><Polygon POINTS="257 2032 257 2048 1602 2048 1604 2036 1602 2004 257 2000 257 2032"/></Shape>
            <String CONTENT="Въ С. Америкѣ секретарю Кубанской казачьей станицы Ф. В."
                    HPOS="257"
                    VPOS="2000"
                    WIDTH="1347"
                    HEIGHT="48"
                    ></String>
          </TextLine>
          <TextLine ID="eSc_line_c78f60bc"
                    TAGREFS="LT1201"
                    BASELINE="97 2079 1311 2079" 
                    HPOS="97"
                    VPOS="2041"
                    WIDTH="1214"
                    HEIGHT="52">
            <Shape><Polygon POINTS="97 2079 97 2089 1310 2093 1311 2079 1310 2041 97 2042 97 2079"/></Shape>
            <String CONTENT="Левашову; Th. Levashoff, 523 west 162 str. New-Iork, N. I."
                    HPOS="97"
                    VPOS="2041"
                    WIDTH="1214"
                    HEIGHT="52"
                    ></String>
          </TextLine>
          <TextLine ID="eSc_line_a620431d"
                    TAGREFS="LT1201"
                    BASELINE="255 2124 1604 2121" 
                    HPOS="254"
                    VPOS="2089"
                    WIDTH="1350"
                    HEIGHT="54">
            <Shape><Polygon POINTS="255 2124 255 2134 284 2143 286 2143 287 2143 289 2143 317 2134 419 2134 435 2143 436 2143 438 2143 498 2135 717 2143 718 2143 788 2134 829 2143 831 2143 1018 2141 1019 2141 1047 2133 1160 2141 1161 2143 1349 2143 1349 2141 1351 2141 1374 2133 1405 2141 1406 2141 1408 2141 1515 2133 1601 2137 1604 2121 1601 2089 254 2089 255 2124"/></Shape>
            <String CONTENT="Изъ остальныхъ странъ подписную плату можно слать въ"
                    HPOS="254"
                    VPOS="2089"
                    WIDTH="1350"
                    HEIGHT="54"
                    ></String>
          </TextLine>
          <TextLine ID="eSc_line_fca9cf2b"
                    TAGREFS="LT1201"
                    BASELINE="97 2166 1601 2163" 
                    HPOS="96"
                    VPOS="2130"
                    WIDTH="1505"
                    HEIGHT="61">
            <Shape><Polygon POINTS="97 2166 97 2182 172 2191 173 2191 175 2191 204 2182 816 2191 818 2191 819 2191 840 2184 907 2190 908 2190 910 2190 937 2181 981 2190 983 2190 1097 2181 1170 2190 1171 2190 1173 2190 1199 2181 1218 2190 1219 2190 1221 2191 1442 2191 1442 2190 1487 2181 1598 2190 1601 2163 1598 2138 1544 2130 1542 2130 1491 2137 834 2131 832 2131 797 2140 704 2140 688 2131 686 2131 685 2131 683 2131 657 2138 623 2131 622 2131 585 2138 517 2131 356 2131 355 2131 353 2131 331 2138 96 2133 97 2166"/></Shape>
            <String CONTENT="письмахъ почтовыми международными купонами, каковыя въ Бѣл-"
                    HPOS="96"
                    VPOS="2130"
                    WIDTH="1505"
                    HEIGHT="61"
                    ></String>
          </TextLine>
          <TextLine ID="eSc_line_4db86b43"
                    TAGREFS="LT1201"
                    BASELINE="97 2213 1072 2208" 
                    HPOS="96"
                    VPOS="2178"
                    WIDTH="976"
                    HEIGHT="64">
            <Shape><Polygon POINTS="97 2213 97 2233 165 2241 166 2241 241 2230 277 2241 279 2241 280 2241 281 2241 305 2232 314 2241 315 2241 317 2241 318 2242 366 2242 366 2241 368 2241 369 2241 384 2230 514 2239 515 2239 517 2239 543 2229 736 2229 767 2238 768 2238 769 2238 771 2238 772 2238 784 2229 796 2238 797 2238 799 2238 800 2238 873 2230 920 2238 921 2238 968 2227 980 2236 981 2236 983 2236 1069 2238 1072 2208 1069 2178 134 2178 132 2178 96 2185 97 2213"/></Shape>
            <String CONTENT="градѣ будутъ замѣняться на почтовыя марки."
                    HPOS="96"
                    VPOS="2178"
                    WIDTH="976"
                    HEIGHT="64"
                    ></String>
          </TextLine>
        </TextBlock>
        <TextBlock HPOS="36"
                   VPOS="167"
                   WIDTH="1627"
                   HEIGHT="177"
                   ID="eSc_textblock_9aa038c8"
                   TAGREFS="BT11">
          <Shape><Polygon POINTS="36 167 36 344 1663 344 1663 167"/></Shape>
        </TextBlock>
        <TextBlock HPOS="16"
                   VPOS="2273"
                   WIDTH="1632"
                   HEIGHT="124"
                   ID="eSc_textblock_f8821199"
                   TAGREFS="BT11">
          <Shape><Polygon POINTS="16 2273 16 2397 1648 2397 1648 2273"/></Shape>
        </TextBlock>
        <TextBlock HPOS="26"
                   VPOS="349"
                   WIDTH="1617"
                   HEIGHT="1918"
                   ID="eSc_textblock_79a15d50"
                   TAGREFS="BT12">
          <Shape><Polygon POINTS="26 349 26 2267 1643 2267 1643 349"/></Shape>
        </TextBlock>
      </PrintSpace>
    </Page>
  </Layout>
</alto>
