<mets xmlns="http://www.loc.gov/METS/" xmlns:xlink="http://www.w3.org/1999/xlink">
  <fileSec>
    
    <fileGrp USE="image">
      
        <file ID="image1">
          <FLocat xlink:href="kavkazsky_kazak_143_1938__ocr.pdf_page_2.png"/>
        </file>
      
        <file ID="image2">
          <FLocat xlink:href="kavkazsky_kazak_143_1938__ocr.pdf_page_3.png"/>
        </file>
      
        <file ID="image3">
          <FLocat xlink:href="kavkazsky_kazak_143_1938__ocr.pdf_page_4.png"/>
        </file>
      
    </fileGrp>
    
    <fileGrp USE="export">
      
        <file ID="export1">
          <FLocat xlink:href="kavkazsky_kazak_143_1938__ocr.pdf_page_2.xml"/>
        </file>
      
        <file ID="export2">
          <FLocat xlink:href="kavkazsky_kazak_143_1938__ocr.pdf_page_3.xml"/>
        </file>
      
        <file ID="export3">
          <FLocat xlink:href="kavkazsky_kazak_143_1938__ocr.pdf_page_4.xml"/>
        </file>
      
    </fileGrp>
  </fileSec>
  <structMap TYPE="physical">
    <div TYPE="document">
      
      <div TYPE="page">
        <fptr FILEID="image1"/>
        <fptr FILEID="export1"/>
      </div>
      
      <div TYPE="page">
        <fptr FILEID="image2"/>
        <fptr FILEID="export2"/>
      </div>
      
      <div TYPE="page">
        <fptr FILEID="image3"/>
        <fptr FILEID="export3"/>
      </div>
      
    </div>
  </structMap>
</mets>
